username,reposted_username
Jisooislove0103,aniesbubble
bluberychis,aniesbubble
ekokusumawijaya,aniesbubble
SyaifulRijal_,aniesbubble
lihayatirizky,aniesbubble
indri_nastiti65,aniesbubble
midafternite,aniesbubble
LvLskrRncng57,aniesbubble
dapapayy,aniesbubble
onomsalam2pas,aniesbubble
yunusSantuy,aniesbubble
udangwinglok,aniesbubble
nurakhmadnova,aniesbubble
BosPurwa,aniesbubble
romzul,aniesbubble
Harun_M_Ishaq,aniesbubble
luakena,aniesbubble
RazakSabriah,aniesbubble
edogawa6564,aniesbubble
AnnaYellowHeart,aniesbubble
moejeep_pelung,aniesbubble
giegulali,aniesbubble
LeeM1neraL,aniesbubble
aniek26551407,aniesbubble
teazmee,aniesbubble
DunianyaBerita_,aniesbubble
Safitridede1,aniesbubble
azhariahrachman,aniesbubble
andri_wae1,aniesbubble
qu33niiee,aniesbubble
urzora,aniesbubble
gorgeoussthings,mentarisehari
bluetyh,aniesbubble
ryolandafit,Metro_TV
Rafell08,aniesbubble
Adell1ne,aniesbubble
tuchRoz_,aniesbubble
wiztothebit,aniesbubble
kmlhsadiyah,aniesbubble
orameluedan,tempodotco
moooelyadi,aniesmania
ryolandafit,Metro_TV
CEdojah,tempodotco
AprionoAka,aniesbubble
Leny50413807,Huesca_LaMagia
bluetyh,aniesbubble
bluetyh,aniesbubble
JennyLameanda,allucantwit
tuchRoz_,aniesbubble
gginanb,detikcom
memedotid,allucantwit
NewsTomohon,allucantwit
shiningendey,allucantwit
politikinajah,allucantwit
CEdojah,aniesbubble
bluetyh,olpproject
bluetyh,aniesbubble
bluetyh,aniesbubble
SungguhUnik,allucantwit
gilardhanu,detikcom
HDFriza,tempodotco
tempodotco,tempodotco
tempodotco,tempodotco
R_Sunanto54,allucantwit
detikcom,detikjatengcom
PKSMuktiwari,PksKoreaSelatan
mer_anoto,Huesca_LaMagia
NSisin36053,rockygerungcom
NSisin36053,rockygerungcom
NSisin36053,rockygerungcom
NSisin36053,rockygerungcom
NSisin36053,rockygerungcom
NSisin36053,rockygerungcom
NSisin36053,rockygerungcom
bluetyh,aniesbubble
Asrori150789808,jpnncom
ronavioleta,kabarbursacom
